{"cameraMode":{"drawMode":0,"name":"Shaded","section":"Shading Mode"},"sceneLighting":false,"audioPlay":false,"sceneViewState":{"m_AlwaysRefresh":false,"showFog":true,"showSkybox":false,"showFlares":true,"showImageEffects":true,"showParticleSystems":true,"showVisualEffectGraphs":true,"m_FxEnabled":true},"in2DMode":false,"pivot":{"x":-0.48496371507644656,"y":-1.8611143827438355,"z":-1.7851871252059937},"rotation":{"x":0.21758607029914857,"y":-0.215484157204628,"z":0.049318671226501468,"w":0.9506748914718628},"size":18.938861846923829,"orthographic":true}