{"cameraMode":{"drawMode":0,"name":"Shaded","section":"Shading Mode"},"sceneLighting":false,"audioPlay":false,"sceneViewState":{"m_AlwaysRefresh":false,"showFog":true,"showSkybox":false,"showFlares":true,"showImageEffects":true,"showParticleSystems":true,"showVisualEffectGraphs":true,"m_FxEnabled":true},"in2DMode":false,"pivot":{"x":-14.673852920532227,"y":1.6414991617202759,"z":4.206148147583008},"rotation":{"x":0.06811849772930145,"y":-0.29619404673576357,"z":0.021181082352995874,"w":0.9524538516998291},"size":2.226872444152832,"orthographic":true}