{"cameraMode":{"drawMode":0,"name":"Shaded","section":"Shading Mode"},"sceneLighting":false,"audioPlay":false,"sceneViewState":{"m_AlwaysRefresh":false,"showFog":true,"showSkybox":false,"showFlares":true,"showImageEffects":true,"showParticleSystems":true,"showVisualEffectGraphs":true,"m_FxEnabled":true},"in2DMode":false,"pivot":{"x":-14.43632984161377,"y":4.022198677062988,"z":-8.19006633758545},"rotation":{"x":0.09226477891206742,"y":-2.1693475105166727e-7,"z":-0.0000021173646018723959,"w":0.995728075504303},"size":4.542169570922852,"orthographic":true}