{"cameraMode":{"drawMode":0,"name":"Shaded","section":"Shading Mode"},"sceneLighting":true,"audioPlay":false,"sceneViewState":{"m_AlwaysRefresh":false,"showFog":true,"showSkybox":true,"showFlares":true,"showImageEffects":true,"showParticleSystems":true,"showVisualEffectGraphs":true,"m_FxEnabled":true},"in2DMode":false,"pivot":{"x":742.3279418945313,"y":155.9521026611328,"z":-116.98886108398438},"rotation":{"x":0.21432465314865113,"y":0.0014660899760201574,"z":-0.000320728198857978,"w":0.9767626523971558},"size":54.060482025146487,"orthographic":true}