{"cameraMode":{"drawMode":0,"name":"Shaded","section":"Shading Mode"},"sceneLighting":true,"audioPlay":false,"sceneViewState":{"m_AlwaysRefresh":false,"showFog":true,"showSkybox":true,"showFlares":true,"showImageEffects":true,"showParticleSystems":true,"showVisualEffectGraphs":true,"m_FxEnabled":true},"in2DMode":false,"pivot":{"x":-31.844234466552736,"y":21.838027954101564,"z":-31.708393096923829},"rotation":{"x":0.08824151754379273,"y":0.8665084838867188,"z":-0.1652039736509323,"w":0.46281111240386965},"size":82.49324798583985,"orthographic":true}