{"cameraMode":{"drawMode":0,"name":"Shaded","section":"Shading Mode"},"sceneLighting":true,"audioPlay":false,"sceneViewState":{"m_AlwaysRefresh":false,"showFog":true,"showSkybox":true,"showFlares":true,"showImageEffects":true,"showParticleSystems":true,"showVisualEffectGraphs":true,"m_FxEnabled":true},"in2DMode":false,"pivot":{"x":0.9556541442871094,"y":0.8999999761581421,"z":3.854755401611328},"rotation":{"x":0.2507891058921814,"y":0.0058082095347344879,"z":-0.0015047532506287099,"w":0.9680232405662537},"size":76.26930236816406,"orthographic":true}