{"cameraMode":{"drawMode":0,"name":"Shaded","section":"Shading Mode"},"sceneLighting":true,"audioPlay":false,"sceneViewState":{"m_AlwaysRefresh":false,"showFog":true,"showSkybox":true,"showFlares":true,"showImageEffects":true,"showParticleSystems":true,"showVisualEffectGraphs":true,"m_FxEnabled":true},"in2DMode":false,"pivot":{"x":-32.55393981933594,"y":4.1006317138671879,"z":-11.101980209350586},"rotation":{"x":-0.15887442231178285,"y":0.23680679500102998,"z":-0.039281170815229419,"w":-0.9576765298843384},"size":14.223485946655274,"orthographic":true}