{"cameraMode":{"drawMode":0,"name":"Shaded","section":"Shading Mode"},"sceneLighting":false,"audioPlay":false,"sceneViewState":{"m_AlwaysRefresh":false,"showFog":true,"showSkybox":false,"showFlares":true,"showImageEffects":true,"showParticleSystems":true,"showVisualEffectGraphs":true,"m_FxEnabled":true},"in2DMode":false,"pivot":{"x":-2.6321158409118654,"y":-1.3548833131790162,"z":-2.2663116455078127},"rotation":{"x":0.010882126167416573,"y":-0.9771159887313843,"z":0.20611925423145295,"w":0.05163860321044922},"size":11.88818073272705,"orthographic":true}