{"cameraMode":{"drawMode":0,"name":"Shaded","section":"Shading Mode"},"sceneLighting":false,"audioPlay":false,"sceneViewState":{"m_AlwaysRefresh":false,"showFog":true,"showSkybox":false,"showFlares":true,"showImageEffects":true,"showParticleSystems":true,"showVisualEffectGraphs":true,"m_FxEnabled":true},"in2DMode":false,"pivot":{"x":2.420708656311035,"y":0.18901121616363526,"z":15.51508903503418},"rotation":{"x":-0.23096074163913728,"y":-0.47127705812454226,"z":0.12934014201164246,"w":-0.8413462042808533},"size":4.888918399810791,"orthographic":true}