{"cameraMode":{"drawMode":0,"name":"Shaded","section":"Shading Mode"},"sceneLighting":false,"audioPlay":false,"sceneViewState":{"m_AlwaysRefresh":false,"showFog":true,"showSkybox":false,"showFlares":true,"showImageEffects":true,"showParticleSystems":true,"showVisualEffectGraphs":true,"m_FxEnabled":true},"in2DMode":false,"pivot":{"x":-12.002039909362793,"y":-7.586956024169922,"z":16.007415771484376},"rotation":{"x":0.007551942486315966,"y":-0.6468518376350403,"z":0.006398553494364023,"w":0.7625361680984497},"size":29.927515029907228,"orthographic":true}