{"cameraMode":{"drawMode":0,"name":"Shaded","section":"Shading Mode"},"sceneLighting":false,"audioPlay":false,"sceneViewState":{"m_AlwaysRefresh":false,"showFog":true,"showSkybox":false,"showFlares":true,"showImageEffects":true,"showParticleSystems":true,"showVisualEffectGraphs":true,"m_FxEnabled":true},"in2DMode":false,"pivot":{"x":-12.002039909362793,"y":-7.586956024169922,"z":16.007415771484376},"rotation":{"x":0.00778878852725029,"y":-0.7304058074951172,"z":0.008321201428771019,"w":0.6828968524932861},"size":23.30564308166504,"orthographic":true}