{"cameraMode":{"drawMode":0,"name":"Shaded","section":"Shading Mode"},"sceneLighting":false,"audioPlay":false,"sceneViewState":{"m_AlwaysRefresh":false,"showFog":true,"showSkybox":false,"showFlares":true,"showImageEffects":true,"showParticleSystems":true,"showVisualEffectGraphs":true,"m_FxEnabled":true},"in2DMode":false,"pivot":{"x":14.15999984741211,"y":0.28700000047683718,"z":10.09000015258789},"rotation":{"x":0.19180268049240113,"y":-0.6623379588127136,"z":0.18117015063762666,"w":0.7012104392051697},"size":12.183314323425293,"orthographic":true}