{"cameraMode":{"drawMode":0,"name":"Shaded","section":"Shading Mode"},"sceneLighting":false,"audioPlay":false,"sceneViewState":{"m_AlwaysRefresh":false,"showFog":true,"showSkybox":false,"showFlares":true,"showImageEffects":true,"showParticleSystems":true,"showVisualEffectGraphs":true,"m_FxEnabled":true},"in2DMode":false,"pivot":{"x":19.015920639038087,"y":-5.470049858093262,"z":6.491048812866211},"rotation":{"x":0.006634864490479231,"y":0.9846650958061218,"z":-0.17003832757472993,"w":0.03842140734195709},"size":10.525778770446778,"orthographic":true}