{"cameraMode":{"drawMode":0,"name":"Shaded","section":"Shading Mode"},"sceneLighting":false,"audioPlay":false,"sceneViewState":{"m_AlwaysRefresh":false,"showFog":true,"showSkybox":false,"showFlares":true,"showImageEffects":true,"showParticleSystems":true,"showVisualEffectGraphs":true,"m_FxEnabled":true},"in2DMode":false,"pivot":{"x":-41.93315124511719,"y":0.27049997448921206,"z":-13.335222244262696},"rotation":{"x":0.29853612184524538,"y":0.5885985493659973,"z":-0.2477473020553589,"w":0.7092795968055725},"size":0.6769556403160095,"orthographic":true}